[{"@type":"mappingTemplate","id":"@1","name":"m_USET_CaTMDR_GPM_PUB2SFDC","description":"","bundleVersion":"0","templateId":"@3","deployTime":1602129541000,"hasParameters":false,"valid":true,"fixedConnection":true,"hasParametersDeployed":false,"fixedConnectionDeployed":true,"tasks":0,"mappingPreviewFileRecordId":"@2","references":[{"@type":"reference","refObjectId":"@aBZQbv4byEEb4xv46efOWP","refType":"connection"},{"@type":"reference","refObjectId":"@8Jvl7zeA1kPiRH2GmW6sOi","refType":"connection"}]}]