[{"@type":"mappingTemplate","id":"@1","name":"m_USET_CaTMDR_GPM_PUB2RPLC","description":"","bundleVersion":"0","templateId":"@3","deployTime":1602129543000,"hasParameters":false,"valid":true,"fixedConnection":true,"hasParametersDeployed":false,"fixedConnectionDeployed":true,"tasks":0,"mappingPreviewFileRecordId":"@2","references":[{"@type":"reference","refObjectId":"@4niRdOc5DKWij3krXqyUEh","refType":"connection"},{"@type":"reference","refObjectId":"@aBZQbv4byEEb4xv46efOWP","refType":"connection"}]}]