[{"@type":"mtTask","id":"@1","name":"USET_CMPGN_METADATA_SFDC2FF","description":"","runtimeEnvironmentId":"@enTaJOYgTKvboZ6Rm8fl2I","postProcessingCmd":"sh -x $$SCRIPT_PATH/USET_Out_Move_And_Archive.sh Merck_Campaign_Metadata Campaign_Metadata","maxLogs":10,"verbose":false,"mappingId":"@dPJAXVATJgBhXzkJ6ilGSv","shortDescription":"","sessionPropertiesList":[{"name":"Session Log File Name","value":"$CurrentTaskName_$CurrentTime.log","recommended":false}],"enableCrossSchemaPushdown":true,"enableParallelRun":false,"autoTunedApplied":false,"autoTunedAppliedType":"NONE","parameterFileName":"Param/USET/uset.param","serverlessProperties":{},"parameters":[{"@type":"mtTaskParameter","id":1631555,"name":"$CaTMDR$","type":"EXTENDED_SOURCE","label":"CaTMDR","uiProperties":{"connectionParameterized":"false","isMsrcFilterParameterized":"false","isMsrcSortParameterized":"false","objectParameterized":"false","visible":"false"},"sourceConnectionId":"@8Jvl7zeA1kPiRH2GmW6sOi","newFlatFile":false,"newObject":false,"showBusinessNames":false,"naturalOrder":true,"truncateTarget":false,"bulkApiDBTarget":false,"customFuncCfg":{"@type":"customFuncConfig","id":-1,"connections":[],"inputMap":[],"outputFields":[]},"tgtFieldRefs":{},"targetUpdateColumns":[],"extendedObject":{"@type":"extendedObject","object":{"@type":"mObject","name":"Execution_Tactic_CTMDR__c","label":"Execution Tactic","metadataUpdated":false,"relations":[],"children":[]},"advancedFilterExpression":"Execution_Tactic_CTMDR__c.Active_CTMDR__C=TRUE","filters":[],"sortFields":[]},"runtimeAttrs":{},"isRESTModernSource":true,"isFileList":false,"handleSpecialChars":false,"frsAsset":false,"dynamicFileName":false,"currentlyProcessedFileName":false,"tgtObjectAttributes":{},"runtimeParameterData":{"@type":"mtTaskRuntimeParameterData","isConnectionRuntimeParameter":false,"isObjectRuntimeParameter":false},"overriddenFields":[]},{"@type":"mtTaskParameter","id":1631556,"name":"$FF$","type":"TARGET","label":"FF","uiProperties":{"connectionParameterized":"false","objectParameterized":"false","visible":"false","defaultTargetUpdateColumns":""},"targetConnectionId":"@0tXsjKjmMT6ltTI5CwpUip","targetObject":"$FF","targetObjectLabel":"Merck_Campaign_Metadata_%Y_%m_%d.csv","newFlatFile":false,"newObject":true,"showBusinessNames":false,"naturalOrder":true,"newObjectName":"$FF","truncateTarget":false,"bulkApiDBTarget":false,"operationType":"Insert","tgtFFAttrs":{"@type":"flatFileAttrs","id":305312,"delimiter":",","textQualifier":"\"","escapeChar":"","headerLineNo":1},"customFuncCfg":{"@type":"customFuncConfig","id":-1,"connections":[],"inputMap":[],"outputFields":[]},"tgtFieldRefs":{},"targetUpdateColumns":[],"extendedObject":{"@type":"extendedObject","filters":[],"sortFields":[]},"runtimeAttrs":{},"isRESTModernSource":true,"isFileList":false,"handleSpecialChars":true,"frsAsset":false,"dynamicFileName":false,"currentlyProcessedFileName":false,"tgtObjectAttributes":{},"runtimeParameterData":{"@type":"mtTaskRuntimeParameterData","isConnectionRuntimeParameter":false,"isObjectRuntimeParameter":false},"overriddenFields":[]},{"@type":"mtTaskParameter","id":1631557,"name":"$LKP_Campaign$","type":"LOOKUP","label":"LKP_Campaign","uiProperties":{"connectionParameterized":"false","isCachedLookup":"true","objectParameterized":"false","visible":"false"},"lookupConnectionId":"@8Jvl7zeA1kPiRH2GmW6sOi","lookupObject":"Campaign_CTMDR__c","lookupObjectLabel":"Campaign","newFlatFile":false,"newObject":false,"showBusinessNames":false,"naturalOrder":true,"truncateTarget":false,"bulkApiDBTarget":false,"customFuncCfg":{"@type":"customFuncConfig","id":-1,"connections":[],"inputMap":[],"outputFields":[]},"tgtFieldRefs":{},"targetUpdateColumns":[],"runtimeAttrs":{},"isRESTModernSource":true,"isFileList":false,"handleSpecialChars":false,"frsAsset":false,"dynamicFileName":false,"currentlyProcessedFileName":false,"tgtObjectAttributes":{},"runtimeParameterData":{"@type":"mtTaskRuntimeParameterData","isConnectionRuntimeParameter":false,"isObjectRuntimeParameter":false},"overriddenFields":[]},{"@type":"mtTaskParameter","id":1631558,"name":"$LKP_Journey$","type":"LOOKUP","label":"LKP_Journey","uiProperties":{"connectionParameterized":"false","isCachedLookup":"true","objectParameterized":"false","visible":"false"},"lookupConnectionId":"@8Jvl7zeA1kPiRH2GmW6sOi","lookupObject":"Journey_CTMDR__c","lookupObjectLabel":"Journey","newFlatFile":false,"newObject":false,"showBusinessNames":false,"naturalOrder":true,"truncateTarget":false,"bulkApiDBTarget":false,"customFuncCfg":{"@type":"customFuncConfig","id":-1,"connections":[],"inputMap":[],"outputFields":[]},"tgtFieldRefs":{},"targetUpdateColumns":[],"runtimeAttrs":{},"isRESTModernSource":true,"isFileList":false,"handleSpecialChars":false,"frsAsset":false,"dynamicFileName":false,"currentlyProcessedFileName":false,"tgtObjectAttributes":{},"runtimeParameterData":{"@type":"mtTaskRuntimeParameterData","isConnectionRuntimeParameter":false,"isObjectRuntimeParameter":false},"overriddenFields":[]},{"@type":"mtTaskParameter","id":1631559,"name":"$LKP_PromoMats_File$","type":"LOOKUP","label":"LKP_PromoMats_File","uiProperties":{"connectionParameterized":"false","isCachedLookup":"true","objectParameterized":"false","visible":"false"},"lookupConnectionId":"@hcJlTWDhHYHdSxGxVqULKT","lookupObject":"Campaign_Metadata_Promomats.csv","lookupObjectLabel":"Campaign_Metadata_Promomats.csv","newFlatFile":false,"newObject":false,"showBusinessNames":false,"naturalOrder":true,"truncateTarget":false,"bulkApiDBTarget":false,"lkpFFAttrs":{"@type":"flatFileAttrs","id":305313,"delimiter":",","textQualifier":"\"","escapeChar":"","headerLineNo":1,"firstDataRow":2},"customFuncCfg":{"@type":"customFuncConfig","id":-1,"connections":[],"inputMap":[],"outputFields":[]},"tgtFieldRefs":{},"targetUpdateColumns":[],"runtimeAttrs":{},"isRESTModernSource":true,"isFileList":false,"handleSpecialChars":false,"frsAsset":false,"dynamicFileName":false,"currentlyProcessedFileName":false,"tgtObjectAttributes":{},"runtimeParameterData":{"@type":"mtTaskRuntimeParameterData","isConnectionRuntimeParameter":false,"isObjectRuntimeParameter":false},"overriddenFields":[]},{"@type":"mtTaskParameter","id":1631560,"name":"$LKP_Tactic$","type":"LOOKUP","label":"LKP_Tactic","uiProperties":{"connectionParameterized":"false","isCachedLookup":"true","objectParameterized":"false","visible":"false"},"lookupConnectionId":"@8Jvl7zeA1kPiRH2GmW6sOi","lookupObject":"Tactic_CTMDR__c","lookupObjectLabel":"Tactic","newFlatFile":false,"newObject":false,"showBusinessNames":false,"naturalOrder":true,"truncateTarget":false,"bulkApiDBTarget":false,"customFuncCfg":{"@type":"customFuncConfig","id":-1,"connections":[],"inputMap":[],"outputFields":[]},"tgtFieldRefs":{},"targetUpdateColumns":[],"runtimeAttrs":{},"isRESTModernSource":true,"isFileList":false,"handleSpecialChars":false,"frsAsset":false,"dynamicFileName":false,"currentlyProcessedFileName":false,"tgtObjectAttributes":{},"runtimeParameterData":{"@type":"mtTaskRuntimeParameterData","isConnectionRuntimeParameter":false,"isObjectRuntimeParameter":false},"overriddenFields":[]},{"@type":"mtTaskParameter","id":1631561,"name":"$LKP_Vendor$","type":"LOOKUP","label":"LKP_Vendor","uiProperties":{"connectionParameterized":"false","isCachedLookup":"true","objectParameterized":"false","visible":"false"},"lookupConnectionId":"@8Jvl7zeA1kPiRH2GmW6sOi","lookupObject":"Codes_CTMDR__c","lookupObjectLabel":"Code","newFlatFile":false,"newObject":false,"showBusinessNames":false,"naturalOrder":true,"truncateTarget":false,"bulkApiDBTarget":false,"customFuncCfg":{"@type":"customFuncConfig","id":-1,"connections":[],"inputMap":[],"outputFields":[]},"tgtFieldRefs":{},"targetUpdateColumns":[],"runtimeAttrs":{},"isRESTModernSource":true,"isFileList":false,"handleSpecialChars":false,"frsAsset":false,"dynamicFileName":false,"currentlyProcessedFileName":false,"tgtObjectAttributes":{},"runtimeParameterData":{"@type":"mtTaskRuntimeParameterData","isConnectionRuntimeParameter":false,"isObjectRuntimeParameter":false},"overriddenFields":[]},{"@type":"mtTaskParameter","id":1631562,"name":"$LKP_Zinc_File$","type":"LOOKUP","label":"LKP_Zinc_File","uiProperties":{"connectionParameterized":"false","isCachedLookup":"true","objectParameterized":"false","visible":"false"},"lookupConnectionId":"@hcJlTWDhHYHdSxGxVqULKT","lookupObject":"Campaign_Metadata_Zinc.csv","lookupObjectLabel":"Campaign_Metadata_Zinc.csv","newFlatFile":false,"newObject":false,"showBusinessNames":false,"naturalOrder":true,"truncateTarget":false,"bulkApiDBTarget":false,"lkpFFAttrs":{"@type":"flatFileAttrs","id":305314,"delimiter":",","textQualifier":"\"","escapeChar":"","headerLineNo":1,"firstDataRow":2},"customFuncCfg":{"@type":"customFuncConfig","id":-1,"connections":[],"inputMap":[],"outputFields":[]},"tgtFieldRefs":{},"targetUpdateColumns":[],"runtimeAttrs":{},"isRESTModernSource":true,"isFileList":false,"handleSpecialChars":false,"frsAsset":false,"dynamicFileName":false,"currentlyProcessedFileName":false,"tgtObjectAttributes":{},"runtimeParameterData":{"@type":"mtTaskRuntimeParameterData","isConnectionRuntimeParameter":false,"isObjectRuntimeParameter":false},"overriddenFields":[]}],"sequences":[],"inOutParameters":[],"connRuntimeAttrs":[]}]