[{"@type":"workflow","id":"@1","name":"USET_CaTMDR_ZINC_FULL","errorTaskEmail":{"@type":"taskEmail","id":175527,"emails":"catmdrmso@merck.com","emailType":"ERROR"},"successTaskEmail":{"@type":"taskEmail","id":175528,"emails":"catmdrmso@merck.com","emailType":"SUCCESS"},"warningTaskEmail":{"@type":"taskEmail","id":175529,"emails":"catmdrmso@merck.com","emailType":"WARNING"},"maxLogs":10,"references":[{"@type":"reference","refObjectId":"@euFHjEWtM8DjjP7DU3Pu0T","refType":"mtTask"},{"@type":"reference","refObjectId":"@3SarcT4TFFejHlXc90CFgD","refType":"mtTask"},{"@type":"reference","refObjectId":"@kIYebHCcUUVh3oFQXVVRcn","refType":"mtTask"},{"@type":"reference","refObjectId":"@0Djhft0vRIyjXCBqNDWRum","refType":"mtTask"},{"@type":"reference","refObjectId":"@eWyf64ZjIWHcseXcM4wnQe","refType":"mtTask"},{"@type":"reference","refObjectId":"@1gfMYtMQfi2e7OiwhpJOiw","refType":"mtTask"}],"tasks":[{"@type":"workflowTask","taskId":"@euFHjEWtM8DjjP7DU3Pu0T","type":"MTT","name":"USET_CaTMDR_ZINC_SRC2JSON_FULL","stopOnError":false,"stopOnWarning":false},{"@type":"workflowTask","taskId":"@3SarcT4TFFejHlXc90CFgD","type":"MTT","name":"USET_CaTMDR_ZINC_JSON2PreLDG","stopOnError":true,"stopOnWarning":true},{"@type":"workflowTask","taskId":"@kIYebHCcUUVh3oFQXVVRcn","type":"MTT","name":"USET_CaTMDR_ZINC_PreLDG2LDG","stopOnError":true,"stopOnWarning":true},{"@type":"workflowTask","taskId":"@0Djhft0vRIyjXCBqNDWRum","type":"MTT","name":"USET_CaTMDR_ZINC_LDG2PUB","stopOnError":true,"stopOnWarning":true},{"@type":"workflowTask","taskId":"@eWyf64ZjIWHcseXcM4wnQe","type":"MTT","name":"USET_CaTMDR_ZINC_PUB2SFDC","stopOnError":true,"stopOnWarning":true},{"@type":"workflowTask","taskId":"@1gfMYtMQfi2e7OiwhpJOiw","type":"MTT","name":"USET_CaTMDR_ZINC_PUB2RPLC","stopOnError":true,"stopOnWarning":true}]}]