[{"@type":"mtTask","id":"@1","name":"USET_CaTMDR_ZINC_PUB2RPLC","description":"","runtimeEnvironmentId":"@enTaJOYgTKvboZ6Rm8fl2I","maxLogs":10,"verbose":false,"mappingId":"@2paXODciJyPca5RVIfIUOr","shortDescription":"","sessionPropertiesList":[{"name":"Session Log File Name","value":"$CurrentTaskName_$CurrentTime.log","recommended":false}],"enableCrossSchemaPushdown":false,"enableParallelRun":false,"autoTunedApplied":false,"autoTunedAppliedType":"NONE","serverlessProperties":{},"parameters":[{"@type":"mtTaskParameter","id":1631571,"name":"$PUB_CATMDR_TACTIC$","type":"SOURCE","label":"PUB_CATMDR_TACTIC","uiProperties":{"connectionParameterized":"false","objectParameterized":"false","visible":"false"},"sourceConnectionId":"@aBZQbv4byEEb4xv46efOWP","sourceObject":"DUMMY_PUB_CATMDR_TACTIC","newFlatFile":false,"newObject":false,"showBusinessNames":false,"naturalOrder":true,"truncateTarget":false,"bulkApiDBTarget":false,"customFuncCfg":{"@type":"customFuncConfig","id":-1,"connections":[],"inputMap":[],"outputFields":[]},"tgtFieldRefs":{},"targetUpdateColumns":[],"runtimeAttrs":{},"isRESTModernSource":true,"customQuery":"SELECT * FROM USETPUB.PUB_CATMDR_TACTIC WHERE 1=2","isFileList":false,"handleSpecialChars":false,"frsAsset":false,"dynamicFileName":false,"currentlyProcessedFileName":false,"fetchMode":"ORIGINAL","tgtObjectAttributes":{},"runtimeParameterData":{"@type":"mtTaskRuntimeParameterData","isConnectionRuntimeParameter":false,"isObjectRuntimeParameter":false},"overriddenFields":[]},{"@type":"mtTaskParameter","id":1631572,"name":"$RPLC_CATMDR_TACTIC$","type":"TARGET","label":"RPLC_CATMDR_TACTIC","uiProperties":{"connectionParameterized":"false","objectParameterized":"false","visible":"false","defaultTargetUpdateColumns":""},"targetConnectionId":"@4niRdOc5DKWij3krXqyUEh","targetObject":"RPLC_CATMDR_TACTIC","targetObjectLabel":"RPLC_CATMDR_TACTIC","newFlatFile":false,"newObject":false,"showBusinessNames":false,"naturalOrder":true,"truncateTarget":false,"bulkApiDBTarget":false,"operationType":"Insert","customFuncCfg":{"@type":"customFuncConfig","id":-1,"connections":[],"inputMap":[],"outputFields":[]},"tgtFieldRefs":{},"targetUpdateColumns":[],"extendedObject":{"@type":"extendedObject","filters":[],"sortFields":[]},"runtimeAttrs":{},"isRESTModernSource":true,"isFileList":false,"handleSpecialChars":false,"frsAsset":false,"dynamicFileName":false,"currentlyProcessedFileName":false,"fetchMode":"ORIGINAL","tgtObjectAttributes":{},"runtimeParameterData":{"@type":"mtTaskRuntimeParameterData","isConnectionRuntimeParameter":false,"isObjectRuntimeParameter":false},"overriddenFields":[]}],"sequences":[],"inOutParameters":[],"connRuntimeAttrs":[]}]