[{"@type":"mappingTemplate","id":"@1","name":"m_USET_CaTMDR_GPM_SRC2LDG","description":"","bundleVersion":"0","templateId":"@3","deployTime":1602129542000,"hasParameters":false,"valid":true,"fixedConnection":true,"hasParametersDeployed":false,"fixedConnectionDeployed":true,"tasks":0,"mappingPreviewFileRecordId":"@2","references":[{"@type":"reference","refObjectId":"@3AGUMms8Pa2gGkpWCgtTK7","refType":"connection"},{"@type":"reference","refObjectId":"@2j5k8aPzozWeSqFcVJ33uB","refType":"connection"}]}]