[{"@type":"mappingTemplate","id":"@1","name":"m_USET_CaTMDR_Promomats_PUB2SFDC_EUCAN","description":"","bundleVersion":"0","templateId":"@3","deployTime":1602129544000,"hasParameters":true,"valid":true,"fixedConnection":true,"hasParametersDeployed":true,"fixedConnectionDeployed":true,"tasks":0,"mappingPreviewFileRecordId":"@2","references":[{"@type":"reference","refObjectId":"@8JhqbirEEOSkNEj1whARQD","refType":"connection"},{"@type":"reference","refObjectId":"@aBZQbv4byEEb4xv46efOWP","refType":"connection"}]}]