[{"@type":"mappingTemplate","id":"@1","name":"m_USET_DDW_CALL_SURVEYS_SRC2LDG","description":"","bundleVersion":"0","templateId":"@3","deployTime":1602584232000,"hasParameters":false,"valid":true,"fixedConnection":true,"hasParametersDeployed":false,"fixedConnectionDeployed":true,"tasks":0,"mappingPreviewFileRecordId":"@2","documentType":"","references":[{"@type":"reference","refObjectId":"@adCHjLwD2AvksQ9h5rM5y6","refType":"connection"},{"@type":"reference","refObjectId":"@3AGUMms8Pa2gGkpWCgtTK7","refType":"connection"}]}]