[{"@type":"workflow","id":"@1","name":"USET_CMPGN_METADATA","errorTaskEmail":{"@type":"taskEmail","id":175524,"emails":"catmdrmso@merck.com","emailType":"ERROR"},"successTaskEmail":{"@type":"taskEmail","id":175525,"emails":"catmdrmso@merck.com","emailType":"SUCCESS"},"warningTaskEmail":{"@type":"taskEmail","id":175526,"emails":"catmdrmso@merck.com","emailType":"WARNING"},"maxLogs":10,"references":[{"@type":"reference","refObjectId":"@0d1C87f9x82lQkXSgRjjuV","refType":"mtTask"}],"tasks":[{"@type":"workflowTask","taskId":"@0d1C87f9x82lQkXSgRjjuV","type":"MTT","name":"USET_CMPGN_METADATA_SFDC2FF","stopOnError":true,"stopOnWarning":true}]}]