[{"@type":"workflow","id":"@1","name":"USET_CaTMDR_ZINC","errorTaskEmail":{"@type":"taskEmail","id":175530,"emails":"catmdrmso@merck.com","emailType":"ERROR"},"successTaskEmail":{"@type":"taskEmail","id":175531,"emails":"catmdrmso@merck.com","emailType":"SUCCESS"},"warningTaskEmail":{"@type":"taskEmail","id":175532,"emails":"catmdrmso@merck.com","emailType":"WARNING"},"maxLogs":10,"references":[{"@type":"reference","refObjectId":"@56DFD1BmcoDcJYqhqPR3Sd","refType":"mtTask"},{"@type":"reference","refObjectId":"@3SarcT4TFFejHlXc90CFgD","refType":"mtTask"},{"@type":"reference","refObjectId":"@kIYebHCcUUVh3oFQXVVRcn","refType":"mtTask"},{"@type":"reference","refObjectId":"@0Djhft0vRIyjXCBqNDWRum","refType":"mtTask"},{"@type":"reference","refObjectId":"@eWyf64ZjIWHcseXcM4wnQe","refType":"mtTask"},{"@type":"reference","refObjectId":"@1gfMYtMQfi2e7OiwhpJOiw","refType":"mtTask"}],"tasks":[{"@type":"workflowTask","taskId":"@56DFD1BmcoDcJYqhqPR3Sd","type":"MTT","name":"USET_CaTMDR_ZINC_SRC2JSON","stopOnError":true,"stopOnWarning":true},{"@type":"workflowTask","taskId":"@3SarcT4TFFejHlXc90CFgD","type":"MTT","name":"USET_CaTMDR_ZINC_JSON2PreLDG","stopOnError":true,"stopOnWarning":true},{"@type":"workflowTask","taskId":"@kIYebHCcUUVh3oFQXVVRcn","type":"MTT","name":"USET_CaTMDR_ZINC_PreLDG2LDG","stopOnError":true,"stopOnWarning":true},{"@type":"workflowTask","taskId":"@0Djhft0vRIyjXCBqNDWRum","type":"MTT","name":"USET_CaTMDR_ZINC_LDG2PUB","stopOnError":true,"stopOnWarning":true},{"@type":"workflowTask","taskId":"@eWyf64ZjIWHcseXcM4wnQe","type":"MTT","name":"USET_CaTMDR_ZINC_PUB2SFDC","stopOnError":true,"stopOnWarning":true},{"@type":"workflowTask","taskId":"@1gfMYtMQfi2e7OiwhpJOiw","type":"MTT","name":"USET_CaTMDR_ZINC_PUB2RPLC","stopOnError":true,"stopOnWarning":true}]}]