[{"@type":"workflow","id":"@1","name":"USET_CaTMDR_Promomats","errorTaskEmail":{"@type":"taskEmail","id":175533,"emails":"catmdrmso@merck.com","emailType":"ERROR"},"successTaskEmail":{"@type":"taskEmail","id":175534,"emails":"catmdrmso@merck.com","emailType":"SUCCESS"},"warningTaskEmail":{"@type":"taskEmail","id":175535,"emails":"catmdrmso@merck.com","emailType":"WARNING"},"maxLogs":10,"references":[{"@type":"reference","refObjectId":"@7A9SU2g42RLhStijT7nr4b","refType":"mtTask"},{"@type":"reference","refObjectId":"@53uAFcwVlwigT5nEZ9Upuh","refType":"mtTask"},{"@type":"reference","refObjectId":"@1yLZtU9VeyJi8WTDdx6wKW","refType":"mtTask"},{"@type":"reference","refObjectId":"@9Q2PEQiivo0hMRQLcK0Y0W","refType":"mtTask"},{"@type":"reference","refObjectId":"@2K1zZ4iFGGWb1QS5poNU01","refType":"mtTask"},{"@type":"reference","refObjectId":"@2LOhZU41uxfkoTAxvmxYuY","refType":"mtTask"},{"@type":"reference","refObjectId":"@a771vIDfpuDhVd6XEOfVAK","refType":"mtTask"},{"@type":"reference","refObjectId":"@4HUPqQgsw28c2grE7hggSJ","refType":"mtTask"}],"tasks":[{"@type":"workflowTask","taskId":"@7A9SU2g42RLhStijT7nr4b","type":"MTT","name":"USET_CaTMDR_Promomats_SRC2JSON_AUTH","stopOnError":true,"stopOnWarning":true},{"@type":"workflowTask","taskId":"@53uAFcwVlwigT5nEZ9Upuh","type":"MTT","name":"USET_CaTMDR_Promomats_SRC2JSON_DATA","stopOnError":true,"stopOnWarning":true},{"@type":"workflowTask","taskId":"@1yLZtU9VeyJi8WTDdx6wKW","type":"MTT","name":"USET_CaTMDR_Promomats_JSON2PreLDG","stopOnError":true,"stopOnWarning":true},{"@type":"workflowTask","taskId":"@9Q2PEQiivo0hMRQLcK0Y0W","type":"MTT","name":"USET_CaTMDR_Promomats_PreLDG2LDG","stopOnError":true,"stopOnWarning":true},{"@type":"workflowTask","taskId":"@2K1zZ4iFGGWb1QS5poNU01","type":"MTT","name":"USET_CaTMDR_Promomats_LDG2PUB","stopOnError":true,"stopOnWarning":true},{"@type":"workflowTask","taskId":"@2LOhZU41uxfkoTAxvmxYuY","type":"MTT","name":"USET_CaTMDR_Promomats_PUB2SFDC_US","stopOnError":true,"stopOnWarning":true},{"@type":"workflowTask","taskId":"@a771vIDfpuDhVd6XEOfVAK","type":"MTT","name":"USET_CaTMDR_Promomats_PUB2RPLC","stopOnError":true,"stopOnWarning":true},{"@type":"workflowTask","taskId":"@4HUPqQgsw28c2grE7hggSJ","type":"MTT","name":"USET_CaTMDR_Promomats_LDG2HIST","stopOnError":true,"stopOnWarning":true}]}]