[{"@type":"workflow","id":"@1","name":"USET_CaTMDR_GPM","errorTaskEmail":{"@type":"taskEmail","id":175521,"emails":"catmdrmso@merck.com","emailType":"ERROR"},"successTaskEmail":{"@type":"taskEmail","id":175522,"emails":"catmdrmso@merck.com","emailType":"SUCCESS"},"warningTaskEmail":{"@type":"taskEmail","id":175523,"emails":"catmdrmso@merck.com","emailType":"WARNING"},"maxLogs":10,"references":[{"@type":"reference","refObjectId":"@0DNbLKKZJs5bu22AMruGSJ","refType":"mtTask"},{"@type":"reference","refObjectId":"@05TWuMyPhwddwg655GidWQ","refType":"mtTask"},{"@type":"reference","refObjectId":"@agBnkuq4gckbN3bCv7qekr","refType":"mtTask"},{"@type":"reference","refObjectId":"@ez09zilb10bcm2K7CWHnC9","refType":"mtTask"}],"tasks":[{"@type":"workflowTask","taskId":"@0DNbLKKZJs5bu22AMruGSJ","type":"MTT","name":"USET_CaTMDR_GPM_SRC2LDG","stopOnError":true,"stopOnWarning":true},{"@type":"workflowTask","taskId":"@05TWuMyPhwddwg655GidWQ","type":"MTT","name":"USET_CaTMDR_GPM_LDG2PUB","stopOnError":true,"stopOnWarning":true},{"@type":"workflowTask","taskId":"@agBnkuq4gckbN3bCv7qekr","type":"MTT","name":"USET_CaTMDR_GPM_PUB2SFDC","stopOnError":true,"stopOnWarning":true},{"@type":"workflowTask","taskId":"@ez09zilb10bcm2K7CWHnC9","type":"MTT","name":"USET_CaTMDR_GPM_PUB2RPLC","stopOnError":true,"stopOnWarning":true}]}]