[{"@type":"mappingTemplate","id":"@1","name":"m_USET_CaTMDR_Promomats_JSON2PreLDG","description":"","bundleVersion":"0","templateId":"@3","hasParameters":false,"valid":true,"fixedConnection":true,"hasParametersDeployed":false,"fixedConnectionDeployed":false,"tasks":0,"mappingPreviewFileRecordId":"@2","references":[{"@type":"reference","refObjectId":"@75J6PUha0bCbNKgTMMc0Ie","refType":"hschema"},{"@type":"reference","refObjectId":"@hcJlTWDhHYHdSxGxVqULKT","refType":"connection"},{"@type":"reference","refObjectId":"@3AGUMms8Pa2gGkpWCgtTK7","refType":"connection"}]}]